date,page,status,folk_rank,Attio_rank,Pipedrive_rank,HubSpot_rank,items,facts
2026-10-06,dupple-b2b,ok,8,1,3,2,8,
2026-10-06,dupple-startups,ok,3,2,4,1,7,
2026-10-06,bestcrmforstartups,ok,11,7,6,1,11,
2026-10-06,rework,ok,11,10,4,2,15,
2026-10-06,saasradar,ok,6,mentioned,2,1,6,
2026-10-06,zapier,ok,no,7,4,2,10,
2026-10-06,forbes-hubspot-alternatives,blocked,,,,,,
2026-10-06,toolgrowth,ok,no,no,2,no,18,
2026-10-06,techsifted,ok,no,no,2,no,7,
2026-10-06,layer3labs,ok,no,no,2,no,8,
2026-10-06,cognito-choisir,ok,no,no,1,mentioned,1,
2026-10-06,cognito-startup,ok,no,no,mentioned,mentioned,0,
2026-10-06,implemence,ok,no,6,3,2,7,
2026-10-06,independant-io,blocked,,,,,,
2026-10-06,digitiz,ok,3,no,no,no,12,
2026-10-06,crm-org,ok,no,mentioned,mentioned,mentioned,3,
2026-10-06,onesuite,ok,no,6,2,3,7,
2026-10-06,dench,ok,no,4,3,2,5,
2026-10-06,smashsend,ok,no,9,4,2,12,
2026-10-06,1crm,ok,no,no,4,2,4,
2026-10-06,tomba,ok,no,4,1,no,6,
2026-10-06,fluidcrm,ok,6,no,2,no,7,
2026-10-06,reevo,ok,no,no,2,no,7,
2026-10-06,tribecrm,ok,no,no,2,no,5,
2026-10-06,vedain,ok,no,no,3,no,15,
2026-10-06,leanb2btools,ok,no,no,1,no,4,
2026-10-06,expandi,ok,5,9,4,1,15,
2026-10-06,myfeedin,ok,5,no,mentioned,mentioned,10,
2026-10-06,productive,ok,no,no,13,5,16,
2026-10-06,functionfox,blocked,,,,,,
2026-10-06,slack,ok,no,no,5,3,9,
2026-10-06,stackproven,ok,no,no,mentioned,1,3,
2026-10-06,toolradar,ok,no,no,1,2,8,
2026-10-06,revenueflow,ok,no,no,mentioned,mentioned,0,
2026-10-06,croclub,ok,no,2,5,mentioned,8,
2026-10-06,shine,ok,no,no,1,3,6,
2026-10-06,folk-vs-hubspot,ok,,,,,,premium-shown=50; hubspot-starter-shown=20; standard-plan-mentioned=none
2026-10-06,folk-pricing,ok,,,,,,folk-standard=24; folk-premium=48
2026-10-06,hubspot-sales-pricing,ok,,,,,,"hubspot-starter=$7; hubspot-pro=$90; hubspot-pro-onboarding=$1,500"
2026-10-07,dupple-b2b,ok,8,1,3,2,8,
2026-10-07,dupple-startups,ok,3,2,4,1,7,
2026-10-07,bestcrmforstartups,ok,11,7,6,1,11,
2026-10-07,rework,ok,11,10,4,2,15,
2026-10-07,saasradar,ok,6,mentioned,2,1,6,
2026-10-07,zapier,ok,no,7,4,2,10,
2026-10-07,forbes-hubspot-alternatives,blocked,,,,,,
2026-10-07,toolgrowth,ok,no,no,2,no,18,
2026-10-07,techsifted,ok,no,no,2,no,7,
2026-10-07,layer3labs,ok,no,no,2,no,8,
2026-10-07,cognito-choisir,ok,no,no,1,mentioned,1,
2026-10-07,cognito-startup,ok,no,no,mentioned,mentioned,0,
2026-10-07,implemence,ok,no,6,3,2,7,
2026-10-07,independant-io,blocked,,,,,,
2026-10-07,digitiz,ok,3,no,no,no,12,
2026-10-07,crm-org,ok,no,mentioned,mentioned,mentioned,3,
2026-10-07,onesuite,ok,no,6,2,3,7,
2026-10-07,dench,ok,no,4,3,2,5,
2026-10-07,smashsend,ok,no,9,4,2,12,
2026-10-07,1crm,ok,no,no,4,2,4,
2026-10-07,tomba,ok,no,4,1,no,6,
2026-10-07,fluidcrm,ok,6,no,2,no,7,
2026-10-07,reevo,ok,no,no,2,no,7,
2026-10-07,tribecrm,ok,no,no,2,no,5,
2026-10-07,vedain,ok,no,no,3,no,15,
2026-10-07,leanb2btools,ok,no,no,1,no,4,
2026-10-07,expandi,ok,5,9,4,1,15,
2026-10-07,myfeedin,ok,5,no,mentioned,mentioned,10,
2026-10-07,productive,ok,no,no,13,5,16,
2026-10-07,functionfox,ok,no,no,no,no,0,
2026-10-07,slack,ok,no,no,5,3,9,
2026-10-07,stackproven,ok,no,no,mentioned,1,3,
2026-10-07,toolradar,ok,no,no,1,2,8,
2026-10-07,revenueflow,ok,no,no,mentioned,mentioned,0,
2026-10-07,croclub,ok,no,2,5,mentioned,8,
2026-10-07,shine,ok,no,no,1,3,6,
2026-10-07,folk-vs-hubspot,ok,,,,,,premium-shown=50; hubspot-starter-shown=20; standard-plan-mentioned=none
2026-10-07,folk-pricing,ok,,,,,,folk-standard=24; folk-premium=48
2026-10-07,hubspot-sales-pricing,ok,,,,,,"hubspot-starter=$7; hubspot-pro=$90; hubspot-pro-onboarding=$1,500"
2026-10-07,dupple-b2b,ok,8,1,3,2,8,
2026-10-07,dupple-startups,ok,3,2,4,1,7,
2026-10-07,bestcrmforstartups,ok,11,7,6,1,11,
2026-10-07,rework,ok,11,10,4,2,15,
2026-10-07,saasradar,ok,6,mentioned,2,1,6,
2026-10-07,zapier,ok,no,7,4,2,10,
2026-10-07,forbes-hubspot-alternatives,blocked,,,,,,
2026-10-07,toolgrowth,ok,no,no,2,no,18,
2026-10-07,techsifted,ok,no,no,2,no,7,
2026-10-07,layer3labs,ok,no,no,2,no,8,
2026-10-07,cognito-choisir,ok,no,no,1,mentioned,1,
2026-10-07,cognito-startup,ok,no,no,mentioned,mentioned,0,
2026-10-07,implemence,ok,no,6,3,2,7,
2026-10-07,independant-io,blocked,,,,,,
2026-10-07,digitiz,ok,3,no,no,no,12,
2026-10-07,crm-org,ok,no,mentioned,mentioned,mentioned,3,
2026-10-07,onesuite,ok,no,6,2,3,7,
2026-10-07,dench,ok,no,4,3,2,5,
2026-10-07,smashsend,ok,no,9,4,2,12,
2026-10-07,1crm,ok,no,no,4,2,4,
2026-10-07,tomba,ok,no,4,1,no,6,
2026-10-07,fluidcrm,ok,6,no,2,no,7,
2026-10-07,reevo,ok,no,no,2,no,7,
2026-10-07,tribecrm,ok,no,no,2,no,5,
2026-10-07,vedain,ok,no,no,3,no,15,
2026-10-07,leanb2btools,ok,no,no,1,no,4,
2026-10-07,expandi,ok,5,9,4,1,15,
2026-10-07,myfeedin,ok,5,no,mentioned,mentioned,10,
2026-10-07,productive,ok,no,no,13,5,16,
2026-10-07,functionfox,blocked,,,,,,
2026-10-07,slack,ok,no,no,5,3,9,
2026-10-07,stackproven,ok,no,no,mentioned,1,3,
2026-10-07,toolradar,ok,no,no,1,2,8,
2026-10-07,revenueflow,ok,no,no,mentioned,mentioned,0,
2026-10-07,croclub,ok,no,2,5,mentioned,8,
2026-10-07,shine,ok,no,no,1,3,6,
2026-10-07,folk-vs-hubspot,ok,,,,,,premium-shown=50; hubspot-starter-shown=20; standard-plan-mentioned=none
2026-10-07,folk-pricing,ok,,,,,,folk-standard=24; folk-premium=48
2026-10-07,hubspot-sales-pricing,ok,,,,,,"hubspot-starter=$7; hubspot-pro=$90; hubspot-pro-onboarding=$1,500"
